Time, Open, High, Low, Close, Volume
1561766400, 0.040000, 0.082500, 0.035100, 0.079000, 158687781.487296
1561852800, 0.079000, 0.118000, 0.078570, 0.101200, 111483940.269223
1561939200, 0.101380, 0.104860, 0.072000, 0.084120, 59122073.681186
1562025600, 0.084130, 0.104980, 0.076030, 0.099890, 42791466.804597
1562112000, 0.099830, 0.115590, 0.088800, 0.110900, 49898541.495376
1562198400, 0.110890, 0.188150, 0.106270, 0.165030, 121215908.615782
1562284800, 0.165090, 0.423570, 0.146110, 0.389990, 167843773.369872
1562371200, 0.387060, 0.642850, 0.232100, 0.250000, 234178091.999870
1562457600, 0.249970, 0.358910, 0.214280, 0.331450, 154739911.815950
1562544000, 0.331450, 0.347860, 0.268000, 0.274000, 53805942.492901
1562630400, 0.273120, 0.290200, 0.241400, 0.259590, 53199557.431424
1562716800, 0.259060, 0.308360, 0.250000, 0.276830, 41927951.254496
1562803200, 0.276800, 0.318750, 0.258570, 0.299570, 33343205.243165
1562889600, 0.299380, 0.450000, 0.297820, 0.438000, 81760191.259644
1562976000, 0.437170, 0.488000, 0.354220, 0.487000, 98608933.572656
1563062400, 0.487000, 0.495200, 0.357140, 0.372000, 72097889.541489
1563148800, 0.372000, 0.383060, 0.291110, 0.370200, 64704422.562023
1563235200, 0.371390, 0.420000, 0.320000, 0.336240, 53462087.893275
1563321600, 0.336240, 0.336240, 0.336240, 0.336240, 0.000000
1563408000, 0.336240, 0.336240, 0.336240, 0.336240, 0.000000
1563494400, 0.336240, 0.336240, 0.336240, 0.336240, 0.000000
1563580800, 0.336240, 0.336240, 0.336240, 0.336240, 0.000000
1563667200, 0.336240, 0.336240, 0.336240, 0.336240, 0.000000
1563753600, 0.272540, 0.274850, 0.241600, 0.248180, 7569811.669874
1563840000, 0.271000, 0.287140, 0.254280, 0.258000, 17389171.205114
1563926400, 0.258140, 0.267000, 0.244970, 0.258140, 11654941.683579
1564012800, 0.256910, 0.271000, 0.250710, 0.258880, 8971399.504764
1564099200, 0.258910, 0.264000, 0.250710, 0.256890, 4451138.196598
1564185600, 0.256910, 0.265000, 0.206380, 0.217880, 16875756.932429
1564272000, 0.217920, 0.225170, 0.201420, 0.216850, 12978054.171975
1564358400, 0.217520, 0.224440, 0.213000, 0.219650, 10172282.894543
1564444800, 0.219650, 0.219860, 0.212000, 0.214200, 6153595.258374
1564531200, 0.214200, 0.267000, 0.213010, 0.265710, 27218158.338968
1564617600, 0.265680, 0.273040, 0.238010, 0.246900, 15928198.722345
1564704000, 0.247940, 0.257740, 0.240000, 0.247340, 9644076.719876
1564790400, 0.247340, 0.254400, 0.245720, 0.254400, 5470897.134474
1564876800, 0.254510, 0.256720, 0.241120, 0.248470, 6220452.752123
1564963200, 0.248500, 0.252850, 0.244790, 0.245990, 5531356.036496
1565049600, 0.245960, 0.249800, 0.235110, 0.239760, 5200405.014797
1565136000, 0.239770, 0.240930, 0.215710, 0.231120, 10195572.363549
1565222400, 0.231060, 0.231920, 0.219550, 0.226000, 4138470.443458
1565308800, 0.226040, 0.228510, 0.203030, 0.204070, 6714191.741248
1565395200, 0.204060, 0.224000, 0.201280, 0.213430, 7523269.152296
1565481600, 0.213430, 0.216290, 0.207000, 0.215300, 3880518.325607
1565568000, 0.215260, 0.219680, 0.206160, 0.210720, 2973553.658223
1565654400, 0.210710, 0.215140, 0.195180, 0.199750, 5322122.823528
1565740800, 0.200000, 0.201000, 0.135010, 0.152760, 35120140.830882
1565827200, 0.153470, 0.162260, 0.142850, 0.159180, 9452235.246985
1565913600, 0.159170, 0.159440, 0.147410, 0.152390, 4172179.901932
1566000000, 0.152430, 0.155030, 0.148570, 0.150490, 2661049.481615
1566086400, 0.150530, 0.152000, 0.137970, 0.146050, 8497599.256098
1566172800, 0.146000, 0.154160, 0.143140, 0.150360, 5279137.556812
1566259200, 0.150340, 0.152820, 0.141000, 0.145660, 4582240.373016
1566345600, 0.145650, 0.145980, 0.116720, 0.123030, 11964455.341256
1566432000, 0.123020, 0.145890, 0.117280, 0.132320, 11313920.590614
1566518400, 0.132680, 0.134400, 0.121080, 0.126690, 9056655.149172
1566604800, 0.126720, 0.129920, 0.118190, 0.120060, 3944514.713093
1566691200, 0.120230, 0.128570, 0.112000, 0.118370, 5397002.717677
1566777600, 0.119040, 0.122850, 0.117010, 0.119360, 4428485.747530
1566864000, 0.117690, 0.119640, 0.102280, 0.104710, 7059559.692329
1566950400, 0.104720, 0.110000, 0.091400, 0.091710, 8019659.145757
1567036800, 0.091700, 0.092640, 0.074500, 0.078560, 19734977.991617
1567123200, 0.078640, 0.152000, 0.075200, 0.137940, 55929605.416107
1567209600, 0.138400, 0.195570, 0.137870, 0.170320, 63133602.227235
1567296000, 0.170310, 0.171200, 0.105000, 0.122410, 49788950.557888
1567382400, 0.121700, 0.156570, 0.114420, 0.153790, 31121908.854435
1567468800, 0.153450, 0.153650, 0.135710, 0.135880, 17019192.750845
1567555200, 0.135710, 0.142090, 0.124430, 0.139670, 17664767.043843
1567641600, 0.139180, 0.155410, 0.136970, 0.149440, 29926118.281896
1567728000, 0.149310, 0.152180, 0.135800, 0.138630, 12748606.899168
1567814400, 0.138610, 0.147990, 0.136580, 0.145110, 6952901.431789
1567900800, 0.145110, 0.152750, 0.142000, 0.144300, 12173107.126378
1567987200, 0.144300, 0.146070, 0.135110, 0.141230, 15393722.764253
1568073600, 0.141230, 0.147000, 0.138590, 0.143400, 10388143.847658
1568160000, 0.143370, 0.143690, 0.132860, 0.140630, 8083838.195911
1568246400, 0.140500, 0.140740, 0.123530, 0.127700, 9026363.598598
1568332800, 0.127740, 0.152000, 0.125380, 0.139460, 18343469.004070
1568419200, 0.139490, 0.150710, 0.138630, 0.143520, 9502194.357498
1568505600, 0.143480, 0.144420, 0.137060, 0.140290, 5101505.443252
1568592000, 0.140320, 0.140850, 0.130520, 0.136280, 4875396.807889
1568678400, 0.136260, 0.139100, 0.133860, 0.137230, 4956612.006586
1568764800, 0.137500, 0.138250, 0.133030, 0.134750, 6021966.549962
1568851200, 0.134730, 0.135390, 0.125800, 0.131630, 5925514.296709
1568937600, 0.131660, 0.133090, 0.125260, 0.125990, 5167708.896904
1569024000, 0.125690, 0.127720, 0.116300, 0.121280, 7538191.573604
1569110400, 0.120570, 0.125980, 0.115010, 0.121620, 6870074.520069
1569196800, 0.121650, 0.131420, 0.118460, 0.120600, 10028482.728163
1569283200, 0.120810, 0.124170, 0.064580, 0.088280, 21638458.827966
1569369600, 0.088280, 0.108360, 0.080080, 0.104660, 14189127.743262
1569456000, 0.104630, 0.108540, 0.093000, 0.102440, 15625288.751273
1569542400, 0.102460, 0.106900, 0.099000, 0.104350, 6728139.398142
1569628800, 0.104370, 0.108230, 0.102400, 0.104260, 6074871.530563
1569715200, 0.104230, 0.105360, 0.096280, 0.099620, 5120068.893257
1569801600, 0.099590, 0.103990, 0.096200, 0.101770, 3303293.563007
1569888000, 0.101770, 0.104990, 0.097000, 0.100450, 3199778.794743
1569974400, 0.100440, 0.101530, 0.097140, 0.098860, 1280779.276544
1570060800, 0.098840, 0.099000, 0.093010, 0.096670, 2077732.585244
1570147200, 0.096700, 0.118000, 0.089000, 0.106540, 13470542.264108
1570233600, 0.106570, 0.107670, 0.101420, 0.103560, 7671798.041790
1570320000, 0.103580, 0.103710, 0.095200, 0.096980, 8054866.730249
1570406400, 0.096940, 0.102850, 0.096590, 0.101360, 3683001.287891
1570492800, 0.101400, 0.102550, 0.095970, 0.098800, 3900335.133900
1570579200, 0.098780, 0.102000, 0.096300, 0.099470, 3301855.223836
1570665600, 0.099480, 0.100030, 0.093190, 0.095570, 3606895.312722
1570752000, 0.095590, 0.096170, 0.090490, 0.093420, 3255840.163055
1570838400, 0.093350, 0.097000, 0.091320, 0.093190, 2564708.881173
1570924800, 0.093180, 0.094570, 0.090140, 0.091490, 3638900.853987
1571011200, 0.091490, 0.093960, 0.090150, 0.092270, 4189267.085039
1571097600, 0.092300, 0.093550, 0.086790, 0.088580, 3744236.859907
1571184000, 0.088570, 0.089350, 0.081420, 0.084380, 5909539.377028
1571270400, 0.084350, 0.085570, 0.081420, 0.083910, 5207190.719459
1571356800, 0.083910, 0.086100, 0.079000, 0.080620, 5104250.945153
1571443200, 0.080640, 0.097960, 0.080320, 0.087960, 16352777.740387
1571529600, 0.087980, 0.090060, 0.084290, 0.088550, 7400199.189905
1571616000, 0.088510, 0.091410, 0.084000, 0.086230, 5949665.074977
1571702400, 0.086240, 0.088010, 0.084200, 0.084400, 3814215.792675
1571788800, 0.084380, 0.088000, 0.074290, 0.079740, 9346618.497064
1571875200, 0.079710, 0.087980, 0.077180, 0.082520, 8303397.558492
1571961600, 0.082930, 0.089000, 0.081550, 0.086270, 9368291.058684
1572048000, 0.086280, 0.095500, 0.082920, 0.084870, 12497404.454755
1572134400, 0.084850, 0.095150, 0.082110, 0.088610, 18640907.734211
1572220800, 0.088640, 0.098280, 0.087940, 0.088530, 20035020.981955
1572307200, 0.088550, 0.090770, 0.085710, 0.086810, 7334311.053163
1572393600, 0.086840, 0.087790, 0.080230, 0.083950, 6120428.579545
1572480000, 0.083900, 0.088510, 0.082010, 0.084530, 4730394.554077
1572566400, 0.084500, 0.091860, 0.083200, 0.085610, 8392774.447328
1572652800, 0.085620, 0.089150, 0.085490, 0.086880, 7725770.672538
1572739200, 0.086870, 0.087430, 0.083740, 0.085720, 4749085.249793
1572825600, 0.085800, 0.088140, 0.084020, 0.086370, 5433240.499041
1572912000, 0.086360, 0.086930, 0.084280, 0.085290, 4382595.790618
1572998400, 0.085270, 0.087430, 0.084340, 0.085990, 8612613.053412
1573084800, 0.085980, 0.094000, 0.085160, 0.087740, 22298020.952562
1573171200, 0.087770, 0.088880, 0.082090, 0.084630, 9071589.056854
1573257600, 0.084530, 0.086970, 0.084520, 0.084910, 2716793.563655
1573344000, 0.084850, 0.087850, 0.084010, 0.085960, 5711671.850834
1573430400, 0.085900, 0.087420, 0.083510, 0.084080, 4988813.396277
1573516800, 0.084070, 0.086580, 0.084030, 0.085620, 3771222.769946
1573603200, 0.085460, 0.092850, 0.084670, 0.092140, 18144566.785234
1573689600, 0.092140, 0.095860, 0.086750, 0.088090, 20523973.446473
1573776000, 0.088090, 0.089880, 0.082270, 0.083700, 12508317.398927
1573862400, 0.083430, 0.084500, 0.082010, 0.082880, 6152676.408870
1573948800, 0.083260, 0.084100, 0.079000, 0.081640, 5533771.719205
1574035200, 0.081660, 0.082350, 0.053047, 0.058590, 19028988.853742
1574121600, 0.058690, 0.068800, 0.055100, 0.067740, 26340202.443297
1574208000, 0.067310, 0.067310, 0.059000, 0.061590, 9638352.843348
1574294400, 0.061610, 0.064280, 0.054570, 0.058810, 22550173.458273
1574380800, 0.058820, 0.060100, 0.046000, 0.052350, 23009831.485718
1574467200, 0.052320, 0.055000, 0.047610, 0.051590, 11752050.474843
1574553600, 0.051590, 0.052350, 0.040959, 0.042350, 17585893.909949
1574640000, 0.042710, 0.048660, 0.040010, 0.045520, 19989349.172724
1574726400, 0.045430, 0.048000, 0.041560, 0.045390, 8537948.344362
1574812800, 0.045420, 0.048650, 0.042000, 0.046940, 16005246.147910
1574899200, 0.046930, 0.048280, 0.045100, 0.045910, 10099473.017883
1574985600, 0.045910, 0.058800, 0.045380, 0.055380, 27878155.510233
1575072000, 0.055390, 0.058080, 0.049670, 0.051640, 14578738.499428
1575158400, 0.051660, 0.054890, 0.049650, 0.052390, 10526016.169094
1575244800, 0.052400, 0.054500, 0.050720, 0.051690, 7200530.247403
1575331200, 0.051710, 0.052770, 0.050730, 0.052130, 4791417.684639
1575417600, 0.052130, 0.053140, 0.050250, 0.051800, 9377101.182868
1575504000, 0.051800, 0.052560, 0.051020, 0.051880, 2419910.567776
1575590400, 0.051890, 0.052150, 0.050610, 0.051620, 3199219.957233
1575676800, 0.051640, 0.053010, 0.051040, 0.051840, 5284778.623453
1575763200, 0.051830, 0.051890, 0.050230, 0.050810, 4458150.253770
1575849600, 0.050830, 0.052300, 0.048510, 0.050620, 6214887.650903
1575936000, 0.050630, 0.051010, 0.042850, 0.046480, 5825409.152710
1576022400, 0.046510, 0.051600, 0.044280, 0.048030, 6859025.446098
1576108800, 0.048040, 0.048570, 0.045010, 0.046170, 4108173.565363
1576195200, 0.046180, 0.047500, 0.045530, 0.046100, 2384388.380852
1576281600, 0.046100, 0.047120, 0.043860, 0.045080, 12118499.925052
1576368000, 0.045090, 0.045670, 0.044520, 0.045290, 2014807.257691
1576454400, 0.045300, 0.045300, 0.040100, 0.041970, 5491422.980155
1576540800, 0.041980, 0.043060, 0.037140, 0.038540, 7711855.353980
1576627200, 0.038530, 0.042000, 0.035410, 0.040480, 7970914.411396
1576713600, 0.040470, 0.040860, 0.038290, 0.038990, 3767735.909931
1576800000, 0.039010, 0.039280, 0.037160, 0.037970, 3669339.474077
1576886400, 0.037970, 0.038220, 0.036500, 0.037010, 3380178.382948
1576972800, 0.037060, 0.038460, 0.036350, 0.038130, 4081557.896251
1577059200, 0.038120, 0.039390, 0.037170, 0.037340, 5407282.583089
1577145600, 0.037370, 0.037550, 0.035720, 0.036550, 4562254.274467
1577232000, 0.036570, 0.037080, 0.035500, 0.035840, 2101232.699126
1577318400, 0.035880, 0.038400, 0.035580, 0.035700, 5088722.992147
1577404800, 0.035700, 0.037260, 0.035600, 0.036290, 2778251.410443
1577491200, 0.036290, 0.037250, 0.035940, 0.036810, 1882854.438891
1577577600, 0.036840, 0.037610, 0.036110, 0.037020, 2520159.932829
1577664000, 0.036990, 0.037340, 0.035900, 0.036700, 4108855.305759
1577750400, 0.036720, 0.038290, 0.036580, 0.038150, 3188205.874494
1577836800, 0.038160, 0.050800, 0.038160, 0.046930, 22769632.453212
1577923200, 0.046970, 0.056990, 0.043940, 0.049180, 44003390.831987
1578009600, 0.049090, 0.051160, 0.045750, 0.049680, 18118050.453097
1578096000, 0.049940, 0.060000, 0.048100, 0.057790, 25818015.271247
1578182400, 0.057790, 0.082690, 0.057790, 0.074080, 65711334.341302
1578268800, 0.074480, 0.078710, 0.067420, 0.072000, 39510178.541213
1578355200, 0.071990, 0.074700, 0.060000, 0.065250, 34572055.384649
1578441600, 0.065250, 0.066830, 0.061150, 0.061880, 13949787.797918
1578528000, 0.061960, 0.063000, 0.054340, 0.057580, 22946592.959529
1578614400, 0.057550, 0.063640, 0.057480, 0.061580, 12358346.360964
1578700800, 0.061580, 0.064810, 0.059200, 0.060750, 12189190.614998
1578787200, 0.060720, 0.062290, 0.059010, 0.060730, 5968762.908883
1578873600, 0.060790, 0.061460, 0.058620, 0.059490, 3326275.405202
1578960000, 0.059460, 0.079330, 0.059010, 0.079330, 17065706.618702
1579046400, 0.079320, 0.080760, 0.065120, 0.070150, 18574630.660645
1579132800, 0.070180, 0.070900, 0.065120, 0.069150, 5556367.588830
1579219200, 0.068930, 0.073450, 0.067880, 0.070800, 5861267.473331
1579305600, 0.070470, 0.074300, 0.070180, 0.071890, 5665578.068425
1579392000, 0.071860, 0.072270, 0.063930, 0.068350, 5650063.322218
1579478400, 0.068320, 0.071350, 0.066170, 0.069750, 3040045.692322
1579564800, 0.069730, 0.069920, 0.067000, 0.068880, 1638421.851512
1579651200, 0.068890, 0.069600, 0.067150, 0.069070, 1801811.991550
1579737600, 0.069060, 0.069090, 0.062850, 0.063060, 2943351.552482
1579824000, 0.063090, 0.068500, 0.063090, 0.067170, 2938509.077367
1579910400, 0.067130, 0.069280, 0.065060, 0.066750, 2118983.959796
1579996800, 0.066720, 0.070600, 0.066110, 0.069370, 2200738.167848
1580083200, 0.069400, 0.072000, 0.069110, 0.071410, 3946179.677985
1580169600, 0.071400, 0.076420, 0.069600, 0.074010, 7627227.199939
1580256000, 0.074040, 0.094269, 0.072480, 0.088790, 24760103.339772
1580342400, 0.088710, 0.105000, 0.086700, 0.098260, 34544058.163191
1580428800, 0.098250, 0.099160, 0.085710, 0.090850, 12451885.076739
1580515200, 0.090910, 0.095240, 0.087640, 0.092310, 7245807.765304
1580601600, 0.092360, 0.093900, 0.086880, 0.089740, 9816804.573864
1580688000, 0.089770, 0.093480, 0.083990, 0.087700, 6122772.629403
1580774400, 0.087700, 0.089520, 0.080020, 0.085420, 7540477.098720
1580860800, 0.085450, 0.092140, 0.085010, 0.090400, 6186671.652270
1580947200, 0.090410, 0.094600, 0.088500, 0.091700, 6165214.754361
1581033600, 0.091670, 0.094000, 0.088000, 0.092170, 7480578.798078
1581120000, 0.092160, 0.094870, 0.088700, 0.092020, 7686849.539766
1581206400, 0.092050, 0.112480, 0.091420, 0.107000, 22739584.945566
1581292800, 0.107190, 0.117585, 0.097080, 0.108950, 24261224.176124
1581379200, 0.109010, 0.112000, 0.103000, 0.111450, 11257042.051032
1581465600, 0.111450, 0.169000, 0.111450, 0.162000, 41615608.590025
1581552000, 0.161950, 0.177120, 0.142850, 0.159470, 39229284.796591
1581638400, 0.159430, 0.159470, 0.144970, 0.152370, 11715879.364213
1581724800, 0.151270, 0.153820, 0.115000, 0.121830, 25515968.033698
1581811200, 0.120720, 0.148910, 0.118830, 0.139090, 27213133.511813
1581897600, 0.138500, 0.149970, 0.124440, 0.145560, 19495726.848629
1581984000, 0.146810, 0.173900, 0.141410, 0.159900, 49339636.197772
1582070400, 0.159900, 0.164280, 0.143000, 0.146980, 17441006.377602
1582156800, 0.146980, 0.154760, 0.138000, 0.147090, 12459600.385421
1582243200, 0.147250, 0.150000, 0.122280, 0.135300, 13774205.246459
1582329600, 0.134990, 0.138450, 0.125130, 0.132660, 9855392.123360
1582416000, 0.132240, 0.150000, 0.131420, 0.145720, 13566597.149563
1582502400, 0.145450, 0.147990, 0.135720, 0.141430, 9095010.340016
1582588800, 0.141400, 0.142500, 0.125000, 0.129400, 9871959.846401
1582675200, 0.130260, 0.135500, 0.113000, 0.122620, 18046904.758889
1582761600, 0.121990, 0.131630, 0.118000, 0.124180, 9967207.607979
1582848000, 0.125410, 0.129140, 0.117020, 0.121440, 8394545.879103
1582934400, 0.121520, 0.123530, 0.119010, 0.119630, 4296143.870665
1583020800, 0.119660, 0.125450, 0.072000, 0.098000, 24745171.058755
1583107200, 0.098000, 0.112980, 0.091940, 0.106390, 24840245.558775
1583193600, 0.107030, 0.107980, 0.097850, 0.101620, 10749494.123556
1583280000, 0.102480, 0.105570, 0.101170, 0.101820, 5650154.874008
1583366400, 0.102580, 0.109590, 0.102000, 0.105550, 6936833.291283
1583452800, 0.105550, 0.120800, 0.104090, 0.120700, 7383100.674109
1583539200, 0.120700, 0.128150, 0.108850, 0.111440, 12035360.573500
1583625600, 0.111560, 0.113410, 0.095000, 0.095150, 11710251.402373
1583712000, 0.095200, 0.102040, 0.077510, 0.088850, 27850098.445347
1583798400, 0.088970, 0.093090, 0.085000, 0.088880, 10785127.632230
1583884800, 0.088880, 0.090980, 0.082850, 0.089010, 7304057.871264
1583971200, 0.089010, 0.089880, 0.045140, 0.047350, 46977034.895433
1584057600, 0.047360, 0.060000, 0.025000, 0.055710, 57225003.768584
1584144000, 0.056020, 0.059030, 0.053450, 0.055340, 10875191.066439
1584230400, 0.055330, 0.061420, 0.054010, 0.058760, 7007970.477779
1584316800, 0.059170, 0.061280, 0.046500, 0.051710, 17570629.302860
1584403200, 0.051760, 0.057740, 0.051420, 0.057170, 6782309.314552
1584489600, 0.057300, 0.058320, 0.053140, 0.057140, 6171573.962342
1584576000, 0.057140, 0.068700, 0.056020, 0.063280, 13126206.246246
1584662400, 0.063280, 0.073870, 0.061550, 0.068400, 13151045.883365
1584748800, 0.068430, 0.070300, 0.063500, 0.066670, 5802590.752549
1584835200, 0.066700, 0.069990, 0.062000, 0.062020, 7152475.308294
1584921600, 0.062080, 0.068370, 0.059160, 0.066130, 7472123.302961
1585008000, 0.066140, 0.068560, 0.063850, 0.066360, 7572371.734739
1585094400, 0.066380, 0.067140, 0.064270, 0.065010, 3613129.344140
1585180800, 0.065060, 0.066530, 0.063450, 0.066380, 3588622.711656
1585267200, 0.066440, 0.067750, 0.063570, 0.063640, 3757591.804074
1585353600, 0.063650, 0.063700, 0.058760, 0.061260, 6206212.939065
1585440000, 0.061230, 0.061710, 0.056590, 0.057000, 2886584.519264
1585526400, 0.056610, 0.061570, 0.056040, 0.060970, 6247610.569220
1585612800, 0.060960, 0.061340, 0.058090, 0.060200, 5244544.032782
1585699200, 0.060170, 0.060650, 0.056420, 0.060300, 4043494.866788
1585785600, 0.060300, 0.062150, 0.057500, 0.060190, 6008279.114941
1585872000, 0.060190, 0.061630, 0.058410, 0.059480, 4029819.936421
1585958400, 0.059490, 0.061850, 0.059000, 0.061850, 2872242.294056
1586044800, 0.061630, 0.065710, 0.060420, 0.062820, 11310422.413393
1586131200, 0.062910, 0.070500, 0.062290, 0.070500, 8431289.844970
1586217600, 0.070500, 0.078650, 0.069450, 0.072600, 11963621.030250
1586304000, 0.072570, 0.077550, 0.068680, 0.074860, 8282832.321898
1586390400, 0.074890, 0.075710, 0.072650, 0.074580, 5198764.449088
1586476800, 0.074390, 0.074420, 0.066250, 0.068710, 9100833.542933
1586563200, 0.069010, 0.072650, 0.068770, 0.071320, 4999227.615656
1586649600, 0.071290, 0.075130, 0.069790, 0.072810, 5288196.830232
1586736000, 0.072850, 0.072930, 0.068310, 0.071080, 5269561.748874
1586822400, 0.071100, 0.073350, 0.070210, 0.071870, 4031802.355155
1586908800, 0.071870, 0.072770, 0.070330, 0.070480, 3423121.367182
1586995200, 0.070470, 0.074710, 0.069000, 0.073540, 6152591.557294
1587081600, 0.073560, 0.074280, 0.071830, 0.073200, 2935386.868204
1587168000, 0.073210, 0.077980, 0.072710, 0.077040, 4667285.956904
1587254400, 0.077030, 0.077990, 0.073610, 0.075370, 4180968.192299
1587340800, 0.075340, 0.077770, 0.073220, 0.073880, 5068767.391990
1587427200, 0.074410, 0.076660, 0.073050, 0.074540, 3153845.407499
1587513600, 0.074520, 0.077410, 0.073730, 0.076550, 3774491.924971
1587600000, 0.076570, 0.077930, 0.073750, 0.076460, 5595857.371780
1587686400, 0.076430, 0.077140, 0.075140, 0.076300, 3407420.895396
1587772800, 0.076310, 0.077150, 0.075480, 0.076410, 3316746.566596
1587859200, 0.076400, 0.085400, 0.075150, 0.081490, 7569302.161820
1587945600, 0.082040, 0.082930, 0.078000, 0.082560, 5096344.900741
1588032000, 0.082500, 0.084650, 0.079620, 0.083710, 3861439.339747
1588118400, 0.083720, 0.093110, 0.083150, 0.091280, 9214267.733831
1588204800, 0.091290, 0.102280, 0.088980, 0.092160, 12755815.170267
1588291200, 0.092230, 0.098900, 0.089900, 0.096730, 4671592.547737
1588377600, 0.096960, 0.098350, 0.095420, 0.097760, 2869011.350614
1588464000, 0.097730, 0.101590, 0.096550, 0.098930, 6129970.531552
1588550400, 0.098760, 0.098770, 0.088570, 0.095600, 5391840.804161
1588636800, 0.095610, 0.098350, 0.094650, 0.096940, 3279134.643851
1588723200, 0.096880, 0.097710, 0.093490, 0.093490, 3495429.583607
1588809600, 0.094140, 0.096990, 0.091500, 0.096020, 4943294.978487
1588896000, 0.096470, 0.096930, 0.092770, 0.093630, 2954531.222666
1588982400, 0.093640, 0.094900, 0.091880, 0.092210, 3529515.211104
1589068800, 0.092210, 0.092830, 0.078000, 0.081900, 9042139.340608
1589155200, 0.081930, 0.088880, 0.081890, 0.082840, 4898686.018438
1589241600, 0.082840, 0.086310, 0.082670, 0.085000, 2597997.903227
1589328000, 0.084970, 0.087780, 0.083310, 0.085870, 2949138.938525
1589414400, 0.085850, 0.087800, 0.084420, 0.086140, 2936108.952973
1589500800, 0.086140, 0.086850, 0.083120, 0.083760, 2994613.399241
1589587200, 0.083170, 0.085880, 0.080000, 0.082460, 5576935.780516
1589673600, 0.082420, 0.084000, 0.082100, 0.082530, 2606293.887966
1589760000, 0.082560, 0.085400, 0.081200, 0.083500, 4918624.563749
1589846400, 0.083510, 0.084030, 0.080000, 0.082240, 3359356.058482
1589932800, 0.082230, 0.085710, 0.080020, 0.082890, 4607849.996959
1590019200, 0.082880, 0.083980, 0.075910, 0.079890, 4024971.800701
1590105600, 0.079880, 0.084650, 0.076710, 0.083100, 5324331.588129
1590192000, 0.082900, 0.085290, 0.082110, 0.083820, 2928287.888256
1590278400, 0.083810, 0.085190, 0.082010, 0.082030, 3400301.886091
1590364800, 0.082030, 0.084280, 0.081720, 0.082700, 2383036.255048
1590451200, 0.082720, 0.085160, 0.082690, 0.084300, 5190062.733698
1590537600, 0.084280, 0.085010, 0.082690, 0.083690, 2643045.331308
1590624000, 0.083780, 0.084730, 0.083320, 0.084630, 2537095.162281
1590710400, 0.084640, 0.085710, 0.083650, 0.084880, 3759767.086663
1590796800, 0.084880, 0.093870, 0.084640, 0.092590, 6659576.537147
1590883200, 0.092520, 0.092520, 0.086330, 0.088020, 4934616.824767
1590969600, 0.088010, 0.092140, 0.087700, 0.092140, 4811205.543354
1591056000, 0.091310, 0.092480, 0.088000, 0.090590, 5872854.146338
1591142400, 0.090610, 0.092850, 0.089210, 0.090240, 3509969.579387
1591228800, 0.090900, 0.092740, 0.090000, 0.091430, 3740224.434754
1591315200, 0.091400, 0.092790, 0.090300, 0.091510, 2642706.063878
1591401600, 0.091160, 0.092640, 0.090670, 0.091240, 2422424.057862
1591488000, 0.091210, 0.092850, 0.091000, 0.091630, 2754326.595553
1591574400, 0.091620, 0.099840, 0.091470, 0.098990, 6068723.313288
1591660800, 0.098940, 0.099500, 0.092850, 0.098260, 4780840.682116
1591747200, 0.098220, 0.099230, 0.097270, 0.098430, 3077396.770989
1591833600, 0.098400, 0.114280, 0.098300, 0.103810, 13012448.907061
1591920000, 0.104570, 0.110880, 0.102850, 0.110080, 6967292.590711
1592006400, 0.110050, 0.110400, 0.107280, 0.109510, 2927511.768625
1592092800, 0.109430, 0.110850, 0.098000, 0.102500, 4929260.423666
1592179200, 0.102490, 0.103550, 0.094700, 0.101820, 4514665.260694
1592265600, 0.101810, 0.108500, 0.101500, 0.107840, 3024245.422852
1592352000, 0.107810, 0.109760, 0.101500, 0.104710, 3078042.856137
1592438400, 0.104700, 0.105080, 0.102700, 0.103260, 1691171.537013
1592524800, 0.103230, 0.105420, 0.100000, 0.104600, 3320891.340264
1592611200, 0.104560, 0.106420, 0.102850, 0.104500, 2919351.201293
1592697600, 0.104880, 0.106610, 0.104000, 0.104620, 1920662.431535
1592784000, 0.104500, 0.109490, 0.104420, 0.108360, 2985063.869060
1592870400, 0.107600, 0.117680, 0.105980, 0.112740, 5993765.143010
1592956800, 0.112870, 0.117020, 0.110700, 0.113410, 4870660.747877
1593043200, 0.112800, 0.115000, 0.110220, 0.114820, 3066531.908015
1593129600, 0.114500, 0.123770, 0.114110, 0.123170, 6532903.108179
1593216000, 0.123170, 0.128390, 0.118010, 0.123000, 10816357.297955
1593302400, 0.122250, 0.124880, 0.115000, 0.123440, 5800895.254298
1593388800, 0.123440, 0.125660, 0.121010, 0.124180, 3045650.709320
1593475200, 0.124180, 0.125560, 0.121740, 0.124420, 3160390.554478
1593561600, 0.124570, 0.124780, 0.122120, 0.123210, 3190445.595234
1593648000, 0.123210, 0.126970, 0.121420, 0.125340, 4567250.940235
1593734400, 0.125670, 0.139000, 0.124880, 0.138100, 8455773.317484
1593820800, 0.138110, 0.164800, 0.138100, 0.158000, 17898435.956696
1593907200, 0.158440, 0.169980, 0.154130, 0.168400, 11820396.649162
1593993600, 0.168350, 0.168570, 0.150000, 0.162990, 11830871.799915
1594080000, 0.162960, 0.164810, 0.158510, 0.162110, 4407154.723324
1594166400, 0.162070, 0.174960, 0.158720, 0.172270, 7117814.957481
1594252800, 0.172250, 0.207000, 0.172250, 0.205720, 13020329.908357
1594339200, 0.205780, 0.249990, 0.199670, 0.248030, 19345697.795621
1594425600, 0.248030, 0.277850, 0.190000, 0.227330, 27594019.431812
1594512000, 0.227300, 0.228360, 0.204500, 0.214440, 9350485.912550
1594598400, 0.214450, 0.231230, 0.214430, 0.226230, 5973235.027248
1594684800, 0.226430, 0.231420, 0.215660, 0.229220, 4815593.736887
1594771200, 0.229200, 0.232000, 0.220040, 0.226750, 5410219.926553
1594857600, 0.226730, 0.227740, 0.185710, 0.207040, 14888107.919009
1594944000, 0.206940, 0.217510, 0.194280, 0.208140, 5700286.362108
1595030400, 0.208140, 0.212000, 0.203500, 0.208020, 2686856.203065
1595116800, 0.207990, 0.208650, 0.196690, 0.202770, 2989372.810011
1595203200, 0.202740, 0.206340, 0.199700, 0.200520, 2848957.257739
1595289600, 0.200780, 0.202440, 0.190000, 0.191620, 4649637.456872
1595376000, 0.190850, 0.192240, 0.172040, 0.186870, 8423054.141104
1595462400, 0.186870, 0.196500, 0.184280, 0.187970, 4260053.252559
1595548800, 0.187940, 0.189200, 0.177510, 0.181610, 3065961.155205
1595635200, 0.181670, 0.190000, 0.179230, 0.189170, 3350107.108782
1595721600, 0.189150, 0.189970, 0.181320, 0.182770, 2438703.514176
1595808000, 0.182750, 0.183600, 0.168060, 0.174000, 4389016.223677
1595894400, 0.174010, 0.174810, 0.152600, 0.156120, 6906637.553810
1595980800, 0.156120, 0.162980, 0.146690, 0.155460, 11323315.182111
1596067200, 0.155460, 0.167980, 0.153070, 0.161240, 6857363.655397
1596153600, 0.161190, 0.182740, 0.159800, 0.181000, 7167839.279453
1596240000, 0.181000, 0.182000, 0.168840, 0.178690, 6614382.033119
1596326400, 0.178630, 0.181900, 0.168570, 0.173100, 4596553.076010
1596412800, 0.173070, 0.175420, 0.165000, 0.168520, 2734770.209189
1596499200, 0.168490, 0.170110, 0.158570, 0.161190, 3517583.210975
1596585600, 0.161760, 0.164450, 0.158710, 0.162820, 3041487.316881
1596672000, 0.162310, 0.163120, 0.157150, 0.162160, 2657848.535334
1596758400, 0.162150, 0.162430, 0.150000, 0.158500, 3668887.781923
1596844800, 0.158570, 0.158570, 0.149000, 0.157170, 3346605.369922
1596931200, 0.157440, 0.166870, 0.153900, 0.161840, 6161015.359135
1597017600, 0.160330, 0.166190, 0.159090, 0.164710, 4063826.379688
1597104000, 0.164780, 0.165680, 0.153000, 0.156330, 4441713.482447
1597190400, 0.156320, 0.163500, 0.152200, 0.160490, 4584906.805238
1597276800, 0.160470, 0.161310, 0.153210, 0.158860, 4302460.635042
1597363200, 0.158820, 0.161650, 0.155000, 0.156030, 3561175.911493
1597449600, 0.155990, 0.159350, 0.155710, 0.156110, 2992812.992422
1597536000, 0.156100, 0.156890, 0.150000, 0.150010, 3811392.468966
1597622400, 0.150010, 0.155000, 0.149200, 0.153200, 3464834.415317
1597708800, 0.153190, 0.154290, 0.139900, 0.140310, 4805767.750729
1597795200, 0.140320, 0.141530, 0.131700, 0.133420, 5512137.805876
1597881600, 0.133430, 0.151670, 0.125110, 0.141620, 7604570.911653
1597968000, 0.141630, 0.141820, 0.127990, 0.129520, 4561603.505733
1598054400, 0.129520, 0.132140, 0.125850, 0.130840, 2925354.059865
1598140800, 0.130760, 0.136420, 0.127090, 0.132290, 3722992.389394
1598227200, 0.132260, 0.142850, 0.130760, 0.140420, 4773567.587295
1598313600, 0.140390, 0.140630, 0.128630, 0.131540, 4659251.687443
1598400000, 0.131550, 0.133300, 0.128000, 0.128940, 3575554.089730
1598486400, 0.128920, 0.129600, 0.120850, 0.124880, 5328472.174168
1598572800, 0.124870, 0.125020, 0.119010, 0.122570, 3367098.916105
1598659200, 0.122560, 0.122970, 0.116570, 0.117650, 3498523.420671
1598745600, 0.117680, 0.123750, 0.116770, 0.120240, 4100106.501263
1598832000, 0.120240, 0.120260, 0.101420, 0.107710, 5750844.342834
1598918400, 0.107720, 0.115100, 0.101420, 0.107550, 7811954.292747
1599004800, 0.107930, 0.130910, 0.100400, 0.108220, 11367657.804243
1599091200, 0.108200, 0.111000, 0.100000, 0.100000, 5282333.387664
1599177600, 0.100040, 0.107140, 0.097140, 0.100840, 5097724.478393
1599264000, 0.100850, 0.106120, 0.088260, 0.093630, 4692499.448752
1599350400, 0.093660, 0.099000, 0.090150, 0.095380, 3350118.431750
1599436800, 0.095390, 0.104000, 0.092860, 0.100060, 4092625.859096
1599523200, 0.100100, 0.106700, 0.097850, 0.103320, 3142837.406756
1599609600, 0.103310, 0.107000, 0.099930, 0.103080, 3708190.413889
1599696000, 0.103070, 0.121180, 0.103000, 0.116950, 6746078.046850
1599782400, 0.116360, 0.119170, 0.108420, 0.114650, 3552812.034920
1599868800, 0.114880, 0.117710, 0.111610, 0.114160, 2484154.648566
1599955200, 0.114150, 0.115710, 0.105600, 0.108540, 2941534.979156
1600041600, 0.108540, 0.108570, 0.100110, 0.104610, 3272546.194380
1600128000, 0.104640, 0.106070, 0.100300, 0.102150, 2070012.861129
1600214400, 0.102190, 0.105000, 0.100000, 0.104020, 1966709.230844
1600300800, 0.103990, 0.107860, 0.103020, 0.107000, 1732846.276552
1600387200, 0.107010, 0.117140, 0.105000, 0.110010, 4225278.614343
1600473600, 0.110110, 0.116200, 0.107300, 0.115180, 3471689.117156
1600560000, 0.115200, 0.115200, 0.109650, 0.109680, 2464527.262950
1600646400, 0.109670, 0.114100, 0.104000, 0.104550, 2967830.706727
1600732800, 0.104580, 0.108790, 0.104540, 0.107410, 1602523.789426
1600819200, 0.107420, 0.111370, 0.104290, 0.107160, 2253485.348693
1600905600, 0.107160, 0.109790, 0.104000, 0.108290, 2160628.408665
1600992000, 0.108300, 0.112360, 0.107930, 0.109730, 1750733.015891
1601078400, 0.109720, 0.111420, 0.104120, 0.107990, 2695478.736395
1601164800, 0.108010, 0.110340, 0.105540, 0.107340, 1818555.686123
1601251200, 0.107380, 0.108530, 0.105660, 0.107160, 1608573.816894
1601337600, 0.107150, 0.107150, 0.102850, 0.105880, 1948078.747704
1601424000, 0.105850, 0.108000, 0.104280, 0.106380, 1805414.492438
1601510400, 0.106380, 0.111380, 0.106350, 0.107470, 2169783.262226
1601596800, 0.107500, 0.109960, 0.102850, 0.103520, 2438626.927472
1601683200, 0.103270, 0.105000, 0.099110, 0.103840, 2214965.001781
1601769600, 0.103230, 0.106000, 0.101140, 0.103570, 1176355.813442
1601856000, 0.103540, 0.104010, 0.101410, 0.102630, 1055804.857559
1601942400, 0.102620, 0.104180, 0.101510, 0.102280, 1596421.643273
1602028800, 0.102250, 0.103570, 0.091130, 0.101440, 2292308.393451
1602115200, 0.101450, 0.101860, 0.096010, 0.099740, 1484022.835775
1602201600, 0.099750, 0.105000, 0.098110, 0.102780, 1700312.140406
1602288000, 0.102760, 0.107170, 0.101990, 0.106660, 2317856.016292
1602374400, 0.106670, 0.128380, 0.105520, 0.126460, 8347193.814559
1602460800, 0.126520, 0.141850, 0.123110, 0.136510, 11553579.974755
1602547200, 0.136380, 0.138570, 0.122630, 0.125760, 5903003.320280
1602633600, 0.125780, 0.134280, 0.123010, 0.133540, 3298657.671006
1602720000, 0.133510, 0.137140, 0.122850, 0.132090, 4846349.233646
1602806400, 0.132100, 0.136980, 0.124280, 0.128570, 3830227.576192
1602892800, 0.128570, 0.129500, 0.124600, 0.125060, 2080189.097464
1602979200, 0.125050, 0.125610, 0.118640, 0.118640, 2204168.467036
1603065600, 0.118650, 0.118670, 0.101420, 0.107350, 4808408.411019
1603152000, 0.107680, 0.109770, 0.105710, 0.107490, 2019988.948838
1603238400, 0.107470, 0.111000, 0.105730, 0.107810, 2283610.921957
1603324800, 0.107810, 0.109770, 0.104920, 0.107510, 1928080.108019
1603411200, 0.107480, 0.109950, 0.105030, 0.105245, 1805674.939121
1603497600, 0.105180, 0.108000, 0.102860, 0.104810, 2515453.026213
1603584000, 0.104810, 0.105860, 0.100290, 0.101710, 1991734.975723
1603670400, 0.101680, 0.105540, 0.101000, 0.101410, 2139716.508574
1603756800, 0.101430, 0.103880, 0.100000, 0.102100, 1888943.592364
1603843200, 0.102090, 0.102480, 0.096260, 0.099850, 3250154.499157
1603929600, 0.099760, 0.102360, 0.098580, 0.100780, 1750329.054071
1604016000, 0.100800, 0.103150, 0.099070, 0.101710, 1860155.909366
1604102400, 0.101710, 0.102340, 0.099570, 0.100272, 1468213.272695
1604188800, 0.100260, 0.101600, 0.098970, 0.100480, 1891730.844766
1604275200, 0.100470, 0.101310, 0.097000, 0.098770, 2032852.711030
1604361600, 0.098620, 0.101140, 0.097000, 0.100240, 1871000.463852
1604448000, 0.100150, 0.103300, 0.097240, 0.102060, 1723922.463333
1604534400, 0.102080, 0.111090, 0.100000, 0.109050, 3652096.488953
1604620800, 0.109020, 0.117140, 0.107400, 0.112430, 3670899.597519
1604707200, 0.112460, 0.114280, 0.105260, 0.109350, 3628202.673695
1604793600, 0.109340, 0.114270, 0.107280, 0.111910, 2353907.805067
1604880000, 0.111890, 0.113570, 0.108570, 0.110150, 2290666.325108
1604966400, 0.110140, 0.112560, 0.107470, 0.110280, 2121459.575181
1605052800, 0.110260, 0.112850, 0.109300, 0.112410, 1173287.764769
